Costs,Total,Zone1
cTotal,1.4469324523059309e9,1.4469324523059359e9
cFix,1.1680644478125138e9,1.1680644478125138e9
cVar,2.7886800449341923e8,2.7886800449341905e8
cNSE,5.054795243689761e-7,5.054795243689759e-7
cStart,2.5139004528409743e-6,2.5139004528409743e-6
cUnmetRsv,0.0,-
cNetworkExp,0.0,-
cUnmetPolicyPenalty,0.0,-
