Status,Solve,Objval
OPTIMAL,0.18809103965759277,1.4469324523059335e9
