Status,Solve,Objval
OPTIMAL,0.29987001419067383,1.4469324523059335e9
