Status,Solve,Objval
OPTIMAL,0.16433501243591309,1.4551967807844167e9
