Costs,Total,Zone1
cTotal,2.220984742759945e9,2.220984742759948e9
cFix,1.73480639588918e9,1.7348063958891802e9
cVar,4.8617834687076724e8,4.8617834687076706e8
cNSE,5.261263880178918e-8,5.26126388017892e-8
cStart,3.196402616756412e-7,3.196402616756412e-7
cUnmetRsv,0.0,-
cNetworkExp,0.0,-
cUnmetPolicyPenalty,0.0,-
