Status,Solve,Objval
OPTIMAL,0.21471905708312988,2.2209847427575016e9
