Status,Solve,Objval
OPTIMAL,0.18523383140563965,2.2209847427599473e9
