Status,Solve,Objval
OPTIMAL,0.19074606895446777,2.2209847427599473e9
