Status,Solve,Objval
OPTIMAL,0.22030997276306152,2.2429082991688952e9
