Costs,Total,Zone1
cTotal,1.7355942773019361e9,1.7355942773019383e9
cFix,1.4270964261038175e9,1.4270964261038175e9
cVar,3.084978511981201e8,3.084978511981205e8
cNSE,6.886219152711616e-8,6.886219152711624e-8
cStart,1.9104565733001248e-7,1.9104565733001248e-7
cUnmetRsv,0.0,-
cNetworkExp,0.0,-
cUnmetPolicyPenalty,0.0,-
