Status,Solve,Objval
OPTIMAL,0.17861509323120117,1.7355942773019378e9
