Status,Solve,Objval
OPTIMAL,0.21847987174987793,1.7355942773019378e9
