Status,Solve,Objval
OPTIMAL,0.18487095832824707,1.7384530579369369e9
