Costs,Total,Zone1
cTotal,1.6825575106649404e9,1.6825575106649399e9
cFix,1.298690214497311e9,1.2986902144973114e9
cVar,3.838672961676283e8,3.8386729616762835e8
cNSE,8.403336102275621e-8,8.403336102275624e-8
cStart,2.473365511650153e-7,2.473365511650153e-7
cUnmetRsv,0.0,-
cNetworkExp,0.0,-
cUnmetPolicyPenalty,0.0,-
