Status,Solve,Objval
OPTIMAL,0.22827792167663574,1.6825575106649394e9
