Status,Solve,Objval
OPTIMAL,0.21042990684509277,1.6825575106649394e9
