Status,Solve,Objval
OPTIMAL,0.2383420467376709,1.6915993605384042e9
