Costs,Total,Zone1
cTotal,1.6494556953460717e9,1.649455695346071e9
cFix,1.347293259960449e9,1.347293259960449e9
cVar,3.021624353856216e8,3.021624353856215e8
cNSE,8.749258441069823e-8,8.749258441069823e-8
cStart,4.458604819784447e-7,4.458604819784447e-7
cUnmetRsv,0.0,-
cNetworkExp,0.0,-
cUnmetPolicyPenalty,0.0,-
