Status,Solve,Objval
OPTIMAL,0.2330329418182373,1.6494556953460708e9
