Status,Solve,Objval
OPTIMAL,0.2053508758544922,1.6494556953460708e9
