Status,Solve,Objval
OPTIMAL,0.17817902565002441,1.654536700172367e9
