Costs,Total,Zone1
cTotal,1.4618933686426754e9,1.4618933686427145e9
cFix,1.1991435523414426e9,1.1991435523414428e9
cVar,2.627498161743523e8,2.627498161743524e8
cNSE,0.028133137320398415,0.02813313732039841
cStart,0.09878602879412243,0.09878602879412243
cUnmetRsv,0.0,-
cNetworkExp,0.0,-
cUnmetPolicyPenalty,0.0,-
