Status,Solve,Objval
OPTIMAL,0.17233681678771973,1.4698186536449156e9
