Status,Solve,Objval
OPTIMAL,0.1909170150756836,1.4618933686427133e9
