Status,Solve,Objval
OPTIMAL,0.299450159072876,1.4618933686427133e9
