Costs,Total,Zone1
cTotal,1.3784827167835855e9,1.3784827167835855e9
cFix,1.1035150785405488e9,1.103515078540549e9
cVar,2.749676382430352e8,2.7496763824303544e8
cNSE,2.003645484169451e-7,2.0036454841694515e-7
cStart,6.753839804995642e-7,6.753839804995642e-7
cUnmetRsv,0.0,-
cNetworkExp,0.0,-
cUnmetPolicyPenalty,0.0,-
