Status,Solve,Objval
OPTIMAL,0.18728995323181152,1.378482716783584e9
