Status,Solve,Objval
OPTIMAL,0.1740119457244873,1.3824945202834177e9
