Status,Solve,Objval
OPTIMAL,0.18592286109924316,1.378482716783584e9
