Status,Solve,Objval
OPTIMAL,0.18413686752319336,2.2438689587872972e9
