Costs,Total,Zone1
cTotal,1.6639018127500143e9,1.6639018127500145e9
cFix,1.2986902144971218e9,1.298690214497122e9
cVar,3.6521159825289214e8,3.652115982528923e8
cNSE,1.1212297173801926e-7,1.121229717380193e-7
cStart,3.247257242340402e-7,3.247257242340402e-7
cUnmetRsv,0.0,-
cNetworkExp,0.0,-
cUnmetPolicyPenalty,0.0,-
