Status,Solve,Objval
OPTIMAL,0.2104480266571045,1.6639018127500143e9
