Status,Solve,Objval
OPTIMAL,0.17968201637268066,1.6729449673703995e9
