Status,Solve,Objval
OPTIMAL,0.20664191246032715,1.6639018127500143e9
