Costs,Total,Zone1
cTotal,1.5020764682614596e9,1.502076468261457e9
cFix,1.2173203083276756e9,1.2173203083276756e9
cVar,2.84756159933781e8,2.8475615993378115e8
cNSE,7.332027233077319e-8,7.332027233077316e-8
cStart,1.9730705722061196e-7,1.9730705722061196e-7
cUnmetRsv,0.0,-
cNetworkExp,0.0,-
cUnmetPolicyPenalty,0.0,-
