Status,Solve,Objval
OPTIMAL,0.2089250087738037,1.502076468261457e9
