Status,Solve,Objval
OPTIMAL,0.17857909202575684,1.5068808474832315e9
