Status,Solve,Objval
OPTIMAL,0.21586394309997559,1.502076468261457e9
