Status,Solve,Objval
OPTIMAL,0.19763803482055664,2.2438689587872972e9
