Costs,Total,Zone1
cTotal,1.6179671785901847e9,1.617967178590183e9
cFix,1.2478521750257864e9,1.2478521750257864e9
cVar,3.7011500356439674e8,3.7011500356439644e8
cNSE,6.928040529103627e-8,6.928040529103628e-8
cStart,2.2934157590219076e-7,2.2934157590219076e-7
cUnmetRsv,0.0,-
cNetworkExp,0.0,-
cUnmetPolicyPenalty,0.0,-
