Status,Solve,Objval
OPTIMAL,0.17361116409301758,1.6179671785901833e9
