Status,Solve,Objval
OPTIMAL,0.30654406547546387,1.6179671785901833e9
