Status,Solve,Objval
OPTIMAL,0.17503786087036133,1.6212270863581452e9
