Costs,Total,Zone1
cTotal,1.8228531711878147e9,1.8228531711878188e9
cFix,1.3876706695832987e9,1.3876706695832987e9
cVar,4.351825016045194e8,4.351825016045197e8
cNSE,7.364795554437458e-8,7.364795554437461e-8
cStart,2.8094640276837187e-7,2.8094640276837187e-7
cUnmetRsv,0.0,-
cNetworkExp,0.0,-
cUnmetPolicyPenalty,0.0,-
