Status,Solve,Objval
OPTIMAL,0.1868729591369629,1.822853171187818e9
