Status,Solve,Objval
OPTIMAL,0.24587202072143555,1.822853171187818e9
