Status,Solve,Objval
OPTIMAL,0.18916082382202148,1.8254409253762205e9
