Costs,Total,Zone1
cTotal,1.4560829282939618e9,1.4560829282939687e9
cFix,1.1680644478124645e9,1.1680644478124647e9
cVar,2.8801848048149765e8,2.8801848048149747e8
cNSE,1.5681254207282535e-6,1.568125420728253e-6
cStart,4.768677020793599e-6,4.768677020793599e-6
cUnmetRsv,0.0,-
cNetworkExp,0.0,-
cUnmetPolicyPenalty,0.0,-
