Status,Solve,Objval
OPTIMAL,0.21967601776123047,1.4560829282939634e9
