Status,Solve,Objval
OPTIMAL,0.2875211238861084,1.4560829282939634e9
