Status,Solve,Objval
OPTIMAL,0.18912506103515625,1.4646510074950027e9
