Costs,Total,Zone1
cTotal,1.7704255053237462e9,1.7704255053237488e9
cFix,1.4616716717696855e9,1.4616716717696855e9
cVar,3.0875383355406046e8,3.087538335540603e8
cNSE,8.937375983022948e-7,8.937375983022952e-7
cStart,2.260788450801988e-6,2.260788450801988e-6
cUnmetRsv,0.0,-
cNetworkExp,0.0,-
cUnmetPolicyPenalty,0.0,-
