Status,Solve,Objval
OPTIMAL,0.18126702308654785,1.770425506187928e9
