Status,Solve,Objval
OPTIMAL,0.18922805786132812,1.7704255053237464e9
