Status,Solve,Objval
OPTIMAL,0.1864628791809082,1.7704255053237464e9
