Costs,Total,Zone1
cTotal,1.9200993639283946e9,1.9200993639283938e9
cFix,1.5851764950477912e9,1.5851764950477912e9
cVar,3.174196533468707e8,3.1741965334687084e8
cNSE,1.750321553372927e7,1.750321553372962e7
cStart,2.256163767199064e-6,2.256163767199064e-6
cUnmetRsv,0.0,-
cNetworkExp,0.0,-
cUnmetPolicyPenalty,0.0,-
