Status,Solve,Objval
OPTIMAL,0.20575785636901855,1.9200993639286964e9
