Status,Solve,Objval
OPTIMAL,0.23749399185180664,1.9200993639283931e9
