Status,Solve,Objval
OPTIMAL,0.20554018020629883,1.9200993639283931e9
