Status,Solve,Objval
OPTIMAL,0.2027881145477295,2.2438689587872972e9
