Status,Solve,Objval
OPTIMAL,0.17466998100280762,2.2438689587872972e9
