Status,Solve,Objval
OPTIMAL,15.932024955749512,10498.215702596543
