Status,Solve,Objval
OPTIMAL,28.603421926498413,1.40655695363064e10
