Status,Solve,Objval
OPTIMAL,5.232446908950806,2.2429082991688952e9
