Costs,Total,Zone1
cTotal,1.8987626967976162e9,1.8987626967976184e9
cFix,1.5043157146110303e9,1.50431571461103e9
cVar,3.4003513564971864e8,3.400351356497186e8
cNSE,5.441184653686972e7,5.441184653686972e7
cStart,3.912161160331038e-8,3.912161160331038e-8
cUnmetRsv,0.0,-
cNetworkExp,0.0,-
cUnmetPolicyPenalty,0.0,-
