Status,Solve,Objval
OPTIMAL,0.17919087409973145,1.89876269679762e9
