Status,Solve,Objval
OPTIMAL,0.19804596900939941,1.8987626967976186e9
