Status,Solve,Objval
OPTIMAL,0.23809504508972168,1.8987626967976186e9
