Status,Solve,Objval
OPTIMAL,4.502501964569092,2.2438689587872972e9
