Costs,Total,Zone1
cTotal,1.7801366798421047e9,1.780136679842107e9
cFix,1.387670669583304e9,1.387670669583304e9
cVar,3.924660102588021e8,3.924660102588019e8
cNSE,2.866343618442793e-7,2.8663436184427936e-7
cStart,1.0468757926993597e-6,1.0468757926993597e-6
cUnmetRsv,0.0,-
cNetworkExp,0.0,-
cUnmetPolicyPenalty,0.0,-
