Status,Solve,Objval
OPTIMAL,0.16145586967468262,1.780136679842106e9
