Status,Solve,Objval
OPTIMAL,0.17343616485595703,1.7828601283519316e9
