Status,Solve,Objval
OPTIMAL,0.2220749855041504,1.780136679842106e9
