Costs,Total,Zone1
cTotal,1.889224634936897e9,1.8892246349368951e9
cFix,1.400696181544502e9,1.400696181544502e9
cVar,4.8852845339239264e8,4.8852845339239275e8
cNSE,1.1387369082992596e-7,1.1387369082992596e-7
cStart,2.831915121434473e-7,2.831915121434473e-7
cUnmetRsv,0.0,-
cNetworkExp,0.0,-
cUnmetPolicyPenalty,0.0,-
