Status,Solve,Objval
OPTIMAL,0.25214409828186035,1.8892246349368947e9
