Status,Solve,Objval
OPTIMAL,0.16765093803405762,1.8892246349368947e9
