Status,Solve,Objval
OPTIMAL,0.17827415466308594,1.8917181404538252e9
