Costs,Total,Zone1
cTotal,1.5554644700434837e9,1.5554644700434945e9
cFix,1.2387067851046405e9,1.2387067851046407e9
cVar,3.167576849388379e8,3.1675768493883765e8
cNSE,2.175718654276124e-6,2.1757186542761233e-6
cStart,1.405805986011606e-5,1.405805986011606e-5
cUnmetRsv,0.0,-
cNetworkExp,0.0,-
cUnmetPolicyPenalty,0.0,-
