Status,Solve,Objval
OPTIMAL,0.18155407905578613,1.5554644700434895e9
