Status,Solve,Objval
OPTIMAL,0.24753785133361816,1.5554644700434895e9
