Status,Solve,Objval
OPTIMAL,0.18051981925964355,1.564482909174608e9
