Status,Solve,Objval
OPTIMAL,0.1584761142730713,2.2438689587872972e9
