Costs,Total,Zone1
cTotal,1.8472086783506768e9,1.8472086783506787e9
cFix,1.3675013488060071e9,1.367501348806007e9
cVar,4.797073295446681e8,4.797073295446679e8
cNSE,8.046786999175395e-7,8.046786999175395e-7
cStart,3.1896030147416176e-6,3.1896030147416176e-6
cUnmetRsv,0.0,-
cNetworkExp,0.0,-
cUnmetPolicyPenalty,0.0,-
