Status,Solve,Objval
OPTIMAL,0.3052849769592285,1.8472086783506765e9
