Status,Solve,Objval
OPTIMAL,0.2025761604309082,1.8498134610718832e9
