Status,Solve,Objval
OPTIMAL,0.17686986923217773,1.8472086783506765e9
