Costs,Total,Zone1
cTotal,1.7024171293268087e9,1.7024171293268168e9
cFix,1.3265456594581394e9,1.3265456594581394e9
cVar,3.758714698686723e8,3.7587146986867225e8
cNSE,1.0780787418459133e-6,1.0780787418459131e-6
cStart,4.141268320991267e-6,4.141268320991267e-6
cUnmetRsv,0.0,-
cNetworkExp,0.0,-
cUnmetPolicyPenalty,0.0,-
