Status,Solve,Objval
OPTIMAL,0.20049095153808594,1.7024171293268127e9
