Status,Solve,Objval
OPTIMAL,0.19387507438659668,1.7054830095083017e9
