Status,Solve,Objval
OPTIMAL,0.15792608261108398,1.7024171293268127e9
