Costs,Total,Zone1
cTotal,1.456749817886387e9,1.4567498178863866e9
cFix,1.200288725364456e9,1.200288725364456e9
cVar,2.5646109252192855e8,2.564610925219286e8
cNSE,5.423215138392043e-7,5.423215138392039e-7
cStart,1.661015916606244e-6,1.661015916606244e-6
cUnmetRsv,0.0,-
cNetworkExp,0.0,-
cUnmetPolicyPenalty,0.0,-
