Status,Solve,Objval
OPTIMAL,0.2029421329498291,1.4567498178863847e9
