Status,Solve,Objval
OPTIMAL,0.23914599418640137,1.4638994042193365e9
