Status,Solve,Objval
OPTIMAL,0.17275500297546387,1.4567498178863847e9
