Costs,Total,Zone1
cTotal,1.471017552857344e9,1.4710175528573427e9
cFix,1.2013533876329546e9,1.2013533876329546e9
cVar,2.696641652243861e8,2.69664165224386e8
cNSE,5.186097002659201e-7,5.186097002659204e-7
cStart,1.7656879899777687e-6,1.7656879899777687e-6
cUnmetRsv,0.0,-
cNetworkExp,0.0,-
cUnmetPolicyPenalty,0.0,-
