Status,Solve,Objval
OPTIMAL,0.17244219779968262,1.478933062947e9
