Status,Solve,Objval
OPTIMAL,0.18166494369506836,1.4710175528573413e9
