Status,Solve,Objval
OPTIMAL,0.24293088912963867,1.4710175528573413e9
