Status,Solve,Objval
OPTIMAL,0.19217514991760254,2.2438689587872972e9
