Costs,Total,Zone1
cTotal,1.9237914061865585e9,1.9237914061865597e9
cFix,1.445412990964679e9,1.445412990964679e9
cVar,4.7837841522187996e8,4.783784152218797e8
cNSE,2.797065365025224e-7,2.7970653650252235e-7
cStart,7.997277718302474e-7,7.997277718302474e-7
cUnmetRsv,0.0,-
cNetworkExp,0.0,-
cUnmetPolicyPenalty,0.0,-
