Status,Solve,Objval
OPTIMAL,0.20026302337646484,1.9237914061865594e9
