Status,Solve,Objval
OPTIMAL,0.19462895393371582,1.9237914061865594e9
