Status,Solve,Objval
OPTIMAL,0.18852591514587402,1.934757570141133e9
