Status,Solve,Objval
OPTIMAL,0.1548299789428711,2.2438689587872972e9
