Costs,Total,Zone1
cTotal,2.1328464586785202e9,2.1328464586785216e9
cFix,1.7838075509769173e9,1.7838075509769173e9
cVar,2.6078868418405065e8,2.6078868418405056e8
cNSE,8.825022351755378e7,8.825022351755378e7
cStart,7.692175906339799e-8,7.692175906339799e-8
cUnmetRsv,0.0,-
cNetworkExp,0.0,-
cUnmetPolicyPenalty,0.0,-
