Status,Solve,Objval
OPTIMAL,0.16459083557128906,2.1328464586785204e9
