Status,Solve,Objval
OPTIMAL,0.1946249008178711,2.1328464586785216e9
