Status,Solve,Objval
OPTIMAL,0.14986419677734375,2.1328464586785216e9
