Costs,Total,Zone1
cTotal,1.5347158925311477e9,1.5347158925311575e9
cFix,1.2665371382256262e9,1.2665371382256262e9
cVar,2.681787543055195e8,2.6817875430551928e8
cNSE,2.9445856490769433e-6,2.9445856490769437e-6
cStart,8.975599353600944e-6,8.975599353600944e-6
cUnmetRsv,0.0,-
cNetworkExp,0.0,-
cUnmetPolicyPenalty,0.0,-
