Status,Solve,Objval
OPTIMAL,0.20788097381591797,1.5347158925311518e9
