Status,Solve,Objval
OPTIMAL,0.17525887489318848,1.5347158925311518e9
