Status,Solve,Objval
OPTIMAL,0.15941810607910156,1.5413312264645886e9
