Costs,Total,Zone1
cTotal,1.8165447221868348e9,1.8165447221868308e9
cFix,1.415981694551017e9,1.4159816945510173e9
cVar,4.005630276358132e8,4.005630276358136e8
cNSE,9.345273670703511e-9,9.345273670703511e-9
cStart,9.296031982762284e-8,9.296031982762284e-8
cUnmetRsv,0.0,-
cNetworkExp,0.0,-
cUnmetPolicyPenalty,0.0,-
