Status,Solve,Objval
OPTIMAL,0.20512104034423828,1.8268387862585502e9
