Status,Solve,Objval
OPTIMAL,0.25672197341918945,1.8165447221868305e9
