Status,Solve,Objval
OPTIMAL,0.20042920112609863,1.8165447221868305e9
