Costs,Total,Zone1
cTotal,1.6225125216443467e9,1.622512521644349e9
cFix,1.3302194070333588e9,1.3302194070333588e9
cVar,2.922931146109843e8,2.922931146109844e8
cNSE,1.4075155030014902e-6,1.4075155030014915e-6
cStart,4.423249241563781e-6,4.423249241563781e-6
cUnmetRsv,0.0,-
cNetworkExp,0.0,-
cUnmetPolicyPenalty,0.0,-
