Costs,Total,Zone1
cTotal,1.6286433724899247e9,1.6286433724899316e9
cFix,1.3363166244287972e9,1.3363166244287972e9
cVar,2.923267480611306e8,2.9232674806113076e8
cNSE,9.16254281546895e-7,9.162542815468954e-7
cStart,2.710034157205367e-6,2.710034157205367e-6
cUnmetRsv,0.0,-
cNetworkExp,0.0,-
cUnmetPolicyPenalty,0.0,-
