Status,Solve,Objval
OPTIMAL,0.18217110633850098,1.6225125216443434e9
