Status,Solve,Objval
OPTIMAL,0.17023301124572754,1.6225125216443434e9
