Status,Solve,Objval
OPTIMAL,0.16506290435791016,1.6286433724899278e9
