Costs,Total,Zone1
cTotal,1.9464625758526032e9,1.9464625758526068e9
cFix,1.4632538319055333e9,1.4632538319055333e9
cVar,4.83208743947067e8,4.8320874394706714e8
cNSE,1.4241653683163215e-6,1.424165368316323e-6
cStart,5.271894440579651e-6,5.271894440579651e-6
cUnmetRsv,0.0,-
cNetworkExp,0.0,-
cUnmetPolicyPenalty,0.0,-
