Status,Solve,Objval
OPTIMAL,0.18649005889892578,1.9464625758526058e9
