Status,Solve,Objval
OPTIMAL,0.18277907371520996,1.9464625758526058e9
