Status,Solve,Objval
OPTIMAL,0.19768309593200684,1.9574834938177145e9
