Costs,Total,Zone1
cTotal,1.8571036729038374e9,1.8571036729038396e9
cFix,1.496925862945862e9,1.496925862945862e9
cVar,3.0988377356452733e8,3.0988377356452745e8
cNSE,5.02940363934499e7,5.0294036393449925e7
cStart,9.54943462182057e-8,9.54943462182057e-8
cUnmetRsv,0.0,-
cNetworkExp,0.0,-
cUnmetPolicyPenalty,0.0,-
