Status,Solve,Objval
OPTIMAL,0.20838403701782227,1.8571036729038393e9
