Status,Solve,Objval
OPTIMAL,0.16176986694335938,1.857111212683097e9
