Status,Solve,Objval
OPTIMAL,0.19387316703796387,1.8571036729038393e9
