Costs,Total,Zone1
cTotal,1.4591825423950613e9,1.4591825423950663e9
cFix,1.200253852759972e9,1.200253852759972e9
cVar,2.5892868963509044e8,2.5892868963509017e8
cNSE,1.0302991763744835e-6,1.0302991763744835e-6
cStart,3.0284988998935188e-6,3.0284988998935188e-6
cUnmetRsv,0.0,-
cNetworkExp,0.0,-
cUnmetPolicyPenalty,0.0,-
