Status,Solve,Objval
OPTIMAL,0.2371969223022461,1.466557933905747e9
