Status,Solve,Objval
OPTIMAL,0.17159295082092285,1.459182542395063e9
