Status,Solve,Objval
OPTIMAL,0.16798806190490723,1.459182542395063e9
