Costs,Total,Zone1
cTotal,1.5769691998301687e9,1.5769691998301806e9
cFix,1.243212700553683e9,1.243212700553683e9
cVar,3.3375649927648234e8,3.337564992764823e8
cNSE,3.335421446015262e-6,3.33542144601526e-6
cStart,1.1978272377094884e-5,1.1978272377094884e-5
cUnmetRsv,0.0,-
cNetworkExp,0.0,-
cUnmetPolicyPenalty,0.0,-
