Status,Solve,Objval
OPTIMAL,0.19480609893798828,1.576969199830174e9
