Status,Solve,Objval
OPTIMAL,0.1841280460357666,1.5804774189012482e9
