Status,Solve,Objval
OPTIMAL,0.17540216445922852,1.576969199830174e9
