Costs,Total,Zone1
cTotal,1.4518430606387815e9,1.4518430606387823e9
cFix,1.1733542323299608e9,1.1733542323299608e9
cVar,2.784888283088211e8,2.7848882830882084e8
cNSE,1.0824959075525309e-7,1.0824959075525314e-7
cStart,6.147871475064574e-7,6.147871475064574e-7
cUnmetRsv,0.0,-
cNetworkExp,0.0,-
cUnmetPolicyPenalty,0.0,-
