Status,Solve,Objval
OPTIMAL,0.20189499855041504,1.451843060638782e9
