Status,Solve,Objval
OPTIMAL,0.19713115692138672,1.4560550910898674e9
