Status,Solve,Objval
OPTIMAL,0.19108200073242188,1.451843060638782e9
