Costs,Total,Zone1
cTotal,1.4205757453807297e9,1.4205757453807306e9
cFix,1.1307679433629174e9,1.1307679433629174e9
cVar,2.898078020178105e8,2.8980780201781034e8
cNSE,7.106419866585009e-7,7.106419866585007e-7
cStart,2.2422817477413407e-6,2.2422817477413407e-6
cUnmetRsv,0.0,-
cNetworkExp,0.0,-
cUnmetPolicyPenalty,0.0,-
