Status,Solve,Objval
OPTIMAL,0.23471713066101074,1.4205757453807282e9
