Status,Solve,Objval
OPTIMAL,0.20547103881835938,1.4243769766529949e9
