Status,Solve,Objval
OPTIMAL,0.2314131259918213,1.4205757453807282e9
