Costs,Total,Zone1
cTotal,2.2370165230869e9,2.237016523086906e9
cFix,1.7837333514809027e9,1.783733351480903e9
cVar,3.9825159995556504e8,3.9825159995556515e8
cNSE,5.503157165043264e7,5.503157165043257e7
cStart,5.053418855418659e-6,5.053418855418659e-6
cUnmetRsv,0.0,-
cNetworkExp,0.0,-
cUnmetPolicyPenalty,0.0,-
