Status,Solve,Objval
OPTIMAL,0.17138314247131348,2.2370165230868998e9
