Status,Solve,Objval
OPTIMAL,0.18378186225891113,2.2370165230868998e9
