Status,Solve,Objval
OPTIMAL,0.16634011268615723,2.237096710974065e9
