Costs,Total,Zone1
cTotal,2.1073130219861243e9,2.1073130219861248e9
cFix,1.591006551354622e9,1.591006551354622e9
cVar,5.1630647063150156e8,5.1630647063150203e8
cNSE,1.7584815027376776e-7,1.7584815027376776e-7
cStart,4.152702284881725e-7,4.152702284881725e-7
cUnmetRsv,0.0,-
cNetworkExp,0.0,-
cUnmetPolicyPenalty,0.0,-
