Status,Solve,Objval
OPTIMAL,0.2029120922088623,2.1073130219861233e9
