Status,Solve,Objval
OPTIMAL,0.2768402099609375,2.1073130219861233e9
