Status,Solve,Objval
OPTIMAL,0.16804003715515137,2.1073575477699068e9
