Costs,Total,Zone1
cTotal,1.8061638454790535e9,1.806163845479051e9
cFix,1.4854501149668732e9,1.4854501149668734e9
cVar,3.2071373051217777e8,3.207137305121777e8
cNSE,2.5750972082159464e-8,2.575097208215945e-8
cStart,6.546182287483572e-8,6.546182287483572e-8
cUnmetRsv,0.0,-
cNetworkExp,0.0,-
cUnmetPolicyPenalty,0.0,-
