Status,Solve,Objval
OPTIMAL,0.17412996292114258,1.806163845479051e9
