Status,Solve,Objval
OPTIMAL,0.23070812225341797,1.806163845479051e9
