Status,Solve,Objval
OPTIMAL,0.15200018882751465,1.806163845479052e9
