Status,Solve,Objval
OPTIMAL,0.23980307579040527,2.2438689587872972e9
