Costs,Total,Zone1
cTotal,1.491077821798013e9,1.4910778217980127e9
cFix,1.2173203083276746e9,1.2173203083276746e9
cVar,2.737575134703378e8,2.7375751347033787e8
cNSE,6.927843002533029e-8,6.927843002533035e-8
cStart,2.0055844147160365e-7,2.0055844147160365e-7
cUnmetRsv,0.0,-
cNetworkExp,0.0,-
cUnmetPolicyPenalty,0.0,-
