Status,Solve,Objval
OPTIMAL,0.26402997970581055,1.495628105812936e9
