Status,Solve,Objval
OPTIMAL,0.2037358283996582,1.4910778217980125e9
