Status,Solve,Objval
OPTIMAL,0.358295202255249,1.4910778217980125e9
