Status,Solve,Objval
OPTIMAL,0.16463804244995117,2.2438689587872972e9
