Status,Solve,Objval
OPTIMAL,3.902379035949707,2.2438689587872972e9
