Status,Solve,Objval
OPTIMAL,0.19718384742736816,2.2438689587872972e9
