Costs,Total,Zone1
cTotal,1.4131225540050888e9,1.4131225540050864e9
cFix,1.1500833456611657e9,1.1500833456611657e9
cVar,2.6303920834392014e8,2.630392083439203e8
cNSE,1.0951210232637946e-7,1.0951210232637955e-7
cStart,3.9486109269254935e-7,3.9486109269254935e-7
cUnmetRsv,0.0,-
cNetworkExp,0.0,-
cUnmetPolicyPenalty,0.0,-
