Status,Solve,Objval
OPTIMAL,0.17273616790771484,1.413122554005086e9
