Status,Solve,Objval
OPTIMAL,0.21666383743286133,1.41765208170155e9
