Status,Solve,Objval
OPTIMAL,0.23658204078674316,1.413122554005086e9
