Costs,Total,Zone1
cTotal,2.0821599415322433e9,2.0821599415322433e9
cFix,1.6665750732432058e9,1.6665750732432058e9
cVar,4.1558486828903687e8,4.1558486828903717e8
cNSE,7.938978409438972e-8,7.938978409438971e-8
cStart,2.67291513273211e-7,2.67291513273211e-7
cUnmetRsv,0.0,-
cNetworkExp,0.0,-
cUnmetPolicyPenalty,0.0,-
