Status,Solve,Objval
OPTIMAL,0.1884758472442627,2.0821599415322428e9
