Status,Solve,Objval
OPTIMAL,0.2637341022491455,2.0821599415322447e9
