Status,Solve,Objval
OPTIMAL,0.28231096267700195,2.0821599415322428e9
