Costs,Total,Zone1
cTotal,1.9338207347816212e9,1.9338207347816145e9
cFix,1.6011577304595296e9,1.6011577304595299e9
cVar,3.326630042434632e8,3.326630042434634e8
cNSE,0.020145915074185696,0.020145915074185703
cStart,0.05847550738321686,0.05847550738321686
cUnmetRsv,0.0,-
cNetworkExp,0.0,-
cUnmetPolicyPenalty,0.0,-
