Status,Solve,Objval
OPTIMAL,0.1748518943786621,1.9338207347816224e9
