Status,Solve,Objval
OPTIMAL,0.27266788482666016,1.9338207347816224e9
