Status,Solve,Objval
OPTIMAL,0.14983510971069336,1.9338207344720325e9
