Costs,Total,Zone1
cTotal,2.1207436593594108e9,2.1207436593594098e9
cFix,1.7854234587206216e9,1.7854234587206216e9
cVar,3.055086540585233e8,3.055086540585234e8
cNSE,2.9811546580264196e7,2.9811546580264337e7
cStart,5.778337194015228e-7,5.778337194015228e-7
cUnmetRsv,0.0,-
cNetworkExp,0.0,-
cUnmetPolicyPenalty,0.0,-
