Status,Solve,Objval
OPTIMAL,0.172468900680542,2.120743659359413e9
