Status,Solve,Objval
OPTIMAL,0.2111649513244629,2.1207436593594093e9
