Status,Solve,Objval
OPTIMAL,0.16745305061340332,2.1207436593594093e9
