Costs,Total,Zone1
cTotal,1.7580990159591012e9,1.7580990159591062e9
cFix,1.4616716717697282e9,1.4616716717697282e9
cVar,2.9642734418937474e8,2.964273441893745e8
cNSE,8.359743014885768e-7,8.35974301488577e-7
cStart,2.6508793610560663e-6,2.6508793610560663e-6
cUnmetRsv,0.0,-
cNetworkExp,0.0,-
cUnmetPolicyPenalty,0.0,-
