Status,Solve,Objval
OPTIMAL,0.18217802047729492,1.7580990159591036e9
