Status,Solve,Objval
OPTIMAL,0.15062904357910156,1.7580990159722772e9
