Status,Solve,Objval
OPTIMAL,0.3846471309661865,1.7580990159591036e9
