Status,Solve,Objval
OPTIMAL,0.18134403228759766,2.2438689587872972e9
