Status,Solve,Objval
OPTIMAL,5.041275978088379,2.2438689587872972e9
