Status,Solve,Objval
OPTIMAL,4.456870079040527,2.2429082991688952e9
