Status,Solve,Objval
OPTIMAL,4.01494288444519,2.2438689587872972e9
