Status,Solve,Objval
OPTIMAL,5.629690885543823,2.2438689587872972e9
