Costs,Total,Zone1
cTotal,1.7058066348318233e9,1.7058066348318262e9
cFix,1.326545659458117e9,1.326545659458117e9
cVar,3.7926097537370896e8,3.792609753737087e8
cNSE,9.77475568803622e-8,9.774755688036221e-8
cStart,3.578420799936055e-7,3.578420799936055e-7
cUnmetRsv,0.0,-
cNetworkExp,0.0,-
cUnmetPolicyPenalty,0.0,-
