Status,Solve,Objval
OPTIMAL,0.1684560775756836,1.7089225611027582e9
