Status,Solve,Objval
OPTIMAL,0.28078722953796387,1.7058066348318262e9
