Status,Solve,Objval
OPTIMAL,0.17007803916931152,1.7058066348318262e9
