Costs,Total,Zone1
cTotal,2.21853676492147e9,2.218536764921472e9
cFix,1.9174374240143375e9,1.9174374240143375e9
cVar,2.6622911328517565e8,2.6622911328517586e8
cNSE,3.4870227621958815e7,3.487022762195886e7
cStart,2.003200911929766e-7,2.003200911929766e-7
cUnmetRsv,0.0,-
cNetworkExp,0.0,-
cUnmetPolicyPenalty,0.0,-
