Status,Solve,Objval
OPTIMAL,0.15811586380004883,2.218536764921397e9
