Status,Solve,Objval
OPTIMAL,0.17685413360595703,2.218536764921472e9
