Status,Solve,Objval
OPTIMAL,0.173475980758667,2.218536764921472e9
