Costs,Total,Zone1
cTotal,1.874883673905272e9,1.8748836739052718e9
cFix,1.4969258629458623e9,1.4969258629458623e9
cVar,3.276637745659597e8,3.2766377456596e8
cNSE,5.029403639344963e7,5.029403639344963e7
cStart,9.950185061303031e-8,9.950185061303031e-8
cUnmetRsv,0.0,-
cNetworkExp,0.0,-
cUnmetPolicyPenalty,0.0,-
