Status,Solve,Objval
OPTIMAL,0.18581914901733398,1.874894214106413e9
