Status,Solve,Objval
OPTIMAL,0.1800229549407959,1.8748836739052715e9
