Status,Solve,Objval
OPTIMAL,0.20611000061035156,1.8748836739052715e9
