Costs,Total,Zone1
cTotal,2.237920465978061e9,2.2379204659780636e9
cFix,1.7491477819147084e9,1.7491477819147084e9
cVar,4.2478011734455127e8,4.247801173445507e8
cNSE,6.399256671880175e7,6.399256671880182e7
cStart,2.5726339661093337e-6,2.5726339661093337e-6
cUnmetRsv,0.0,-
cNetworkExp,0.0,-
cUnmetPolicyPenalty,0.0,-
