Status,Solve,Objval
OPTIMAL,0.1740570068359375,2.2379204659780493e9
