Status,Solve,Objval
OPTIMAL,0.19881391525268555,2.237920465978062e9
