Status,Solve,Objval
OPTIMAL,0.23128318786621094,2.237920465978062e9
