Costs,Total,Zone1
cTotal,1.4619592408307369e9,1.461959240830737e9
cFix,1.1733542323331053e9,1.1733542323331053e9
cVar,2.886050084976251e8,2.886050084976254e8
cNSE,1.2558627699440598e-6,1.2558627699440587e-6
cStart,5.209332236996882e-6,5.209332236996882e-6
cUnmetRsv,0.0,-
cNetworkExp,0.0,-
cUnmetPolicyPenalty,0.0,-
