Status,Solve,Objval
OPTIMAL,0.18740606307983398,1.4659985292599776e9
