Status,Solve,Objval
OPTIMAL,0.18515801429748535,1.4619592408307338e9
