Status,Solve,Objval
OPTIMAL,0.19790101051330566,1.4619592408307338e9
