Costs,Total,Zone1
cTotal,1.6762894041444802e9,1.6762894041444862e9
cFix,1.2951725699122376e9,1.295172569912238e9
cVar,3.8111683423224217e8,3.811168342322426e8
cNSE,1.4616968213311866e-6,1.461696821331187e-6
cStart,4.384346363491071e-6,4.384346363491071e-6
cUnmetRsv,0.0,-
cNetworkExp,0.0,-
cUnmetPolicyPenalty,0.0,-
