Status,Solve,Objval
OPTIMAL,0.3265571594238281,1.676289404144482e9
