Status,Solve,Objval
OPTIMAL,0.2033710479736328,1.676289404144482e9
