Status,Solve,Objval
OPTIMAL,0.20192313194274902,1.6858791326832855e9
