Costs,Total,Zone1
cTotal,2.156262725017146e9,2.156262725017157e9
cFix,1.63053874165831e9,1.63053874165831e9
cVar,5.2572398335884404e8,5.257239833588436e8
cNSE,8.904761204395022e-7,8.904761204395027e-7
cStart,2.3376543873637463e-6,2.3376543873637463e-6
cUnmetRsv,0.0,-
cNetworkExp,0.0,-
cUnmetPolicyPenalty,0.0,-
