Status,Solve,Objval
OPTIMAL,0.1811659336090088,2.1562627250171547e9
