Status,Solve,Objval
OPTIMAL,0.17745614051818848,2.1562627250171547e9
