Status,Solve,Objval
OPTIMAL,0.17092299461364746,2.1562627250171475e9
