Costs,Total,Zone1
cTotal,1.4254442088752594e9,1.4254442088752618e9
cFix,1.1633727868832145e9,1.1633727868832147e9
cVar,2.6207142199204725e8,2.620714219920472e8
cNSE,3.625948866608115e-8,3.625948866608118e-8
cStart,9.287394965203215e-8,9.287394965203215e-8
cUnmetRsv,0.0,-
cNetworkExp,0.0,-
cUnmetPolicyPenalty,0.0,-
