Status,Solve,Objval
OPTIMAL,0.19756603240966797,1.433384628341288e9
