Status,Solve,Objval
OPTIMAL,0.3429291248321533,1.425444208875262e9
