Status,Solve,Objval
OPTIMAL,0.2004690170288086,1.425444208875262e9
